"","V1","V2","V3","V4"
"1","XLOC_000001","comp1067377_c0_seq1[+]1-522","-","gene16019.mRNA1"
"2","XLOC_000002","comp109239_c0_seq1[-]1-606","-","gene16123.mRNA1"
"3","XLOC_000003","comp132883_c0_seq1[-]1-629","-","gene16081.mRNA1"
"4","XLOC_000004","comp211466_c0_seq1[-]1-2402","-","gene16060.mRNA1"
"5","XLOC_000005","comp211953_c0_seq1[-]1-745","-","gene16135.mRNA1"
"6","XLOC_000006","comp2217059_c0_seq1[+]1-400","-","gene16088.mRNA1"
"7","XLOC_000007","comp223940_c0_seq1[+]1-1886","-","gene16067.mRNA1"
"8","XLOC_000008","comp233729_c0_seq1[+]1-1660","-","gene16127.mRNA1"
"9","XLOC_000009","comp238971_c0_seq1[-]1-761","-","gene16143.mRNA1"
"10","XLOC_000010","comp241701_c0_seq1[-]1-820","-","gene16164.mRNA1"
"11","XLOC_000011","comp259502_c0_seq1[-]1-947","-","gene16096.mRNA1"
"12","XLOC_000012","comp260198_c0_seq1[-]1-477","-","gene16021.mRNA1"
"13","XLOC_000013","comp262932_c0_seq1[+]1-556","-","gene16024.mRNA1"
"14","XLOC_000014","comp264808_c0_seq1[-]1-1587","-","gene16015.mRNA1"
"15","XLOC_000015","comp266967_c0_seq1[+]1-615","-","gene16100.mRNA1"
"16","XLOC_000016","comp269383_c0_seq1[+]1-2097","-","gene16116.mRNA1"
"17","XLOC_000017","comp280290_c0_seq1[-]1-776","-","gene16014.mRNA1"
"18","XLOC_000018","comp281085_c0_seq1[+]1-549","-","gene16011.mRNA1"
"19","XLOC_000019","comp289797_c0_seq1[+]1-896","-","gene16047.mRNA1"
"20","XLOC_000020","comp290426_c0_seq2[-]1-1337","-","gene16138.mRNA1"
"21","XLOC_000021","comp296054_c0_seq1[-]1-655","-","gene16167.mRNA1"
"22","XLOC_000022","comp314595_c0_seq2[-]1-1221","-","gene16132.mRNA1"
"23","XLOC_000023","comp315408_c0_seq1[+]1-2217","-","gene16012.mRNA1"
"24","XLOC_000024","comp316966_c0_seq2[-]1-909","-","gene16109.mRNA1"
"25","XLOC_000025","comp317195_c0_seq1[+]1-2123","-","gene16090.mRNA1"
"26","XLOC_000026","comp317412_c0_seq1[-]1-1324","-","gene16069.mRNA1"
"27","XLOC_000027","comp318165_c1_seq1[+]1-953","-","gene16029.mRNA1"
"28","XLOC_000028","comp320092_c0_seq1[+]1-1171","-","gene16162.mRNA1"
"29","XLOC_000029","comp327441_c0_seq1[-]1-526","-","gene16010.mRNA1"
"30","XLOC_000030","comp327900_c0_seq2[+]1-1342","-","gene16111.mRNA1"
"31","XLOC_000031","comp329052_c0_seq1[-]1-776","-","gene16022.mRNA1"
"32","XLOC_000032","comp331257_c0_seq1[+]1-1019","-","gene16126.mRNA1"
"33","XLOC_000033","comp334386_c0_seq1[+]1-904","-","gene16055.mRNA1"
"34","XLOC_000034","comp335555_c0_seq1[-]1-1210","-","gene16124.mRNA1"
"35","XLOC_000035","comp335555_c1_seq3[+]1-446","-","gene16053.mRNA1"
"36","XLOC_000036","comp335572_c0_seq1[+]1-1365","-","gene16113.mRNA1"
"37","XLOC_000037","comp337880_c0_seq1[+]1-555","-","gene16066.mRNA1"
"38","XLOC_000038","comp338748_c0_seq1[+]1-568","-","gene16163.mRNA1"
"39","XLOC_000039","comp339221_c0_seq1[+]1-4907","-","gene16139.mRNA1"
"40","XLOC_000040","comp339990_c0_seq1[-]1-823","-","gene16105.mRNA1"
"41","XLOC_000041","comp339990_c0_seq2[-]1-799","-","gene16104.mRNA1"
"42","XLOC_000042","comp339993_c0_seq2[+]1-1751","-","gene16051.mRNA1"
"43","XLOC_000043","comp34375_c0_seq1[-]1-1100","-","gene16036.mRNA1"
"44","XLOC_000044","comp345150_c0_seq1[+]1-3081","-","gene16061.mRNA1"
"45","XLOC_000045","comp345300_c0_seq1[+]1-1200","-","gene16146.mRNA1"
"46","XLOC_000046","comp346503_c0_seq1[+]1-777","-","gene16128.mRNA1"
"47","XLOC_000047","comp346875_c0_seq1[+]1-1046","-","gene16155.mRNA1"
"48","XLOC_000048","comp346967_c0_seq1[+]1-740","-","gene16144.mRNA1"
"49","XLOC_000049","comp347126_c0_seq1[+]1-567","-","gene16085.mRNA1"
"50","XLOC_000050","comp347126_c0_seq2[+]1-556","-","gene16086.mRNA1"
"51","XLOC_000051","comp348044_c0_seq1[-]1-625","-","gene16149.mRNA1"
"52","XLOC_000052","comp348599_c0_seq1[-]1-679","-","gene16136.mRNA1"
"53","XLOC_000053","comp348659_c0_seq4[+]1-2441","-","gene16148.mRNA1"
"54","XLOC_000054","comp348659_c0_seq8[-]1-1479","-","gene16159.mRNA1"
"55","XLOC_000055","comp349199_c0_seq18[-]1-1058","-","gene16094.mRNA1"
"56","XLOC_000056","comp349361_c0_seq1[-]1-1679","-","gene16161.mRNA1"
"57","XLOC_000057","comp349361_c0_seq3[-]1-1094","-","gene16165.mRNA1"
"58","XLOC_000058","comp349361_c0_seq4[-]1-1139","-","gene16171.mRNA1"
"59","XLOC_000059","comp349361_c0_seq5[-]1-1308","-","gene16169.mRNA1"
"60","XLOC_000060","comp350027_c0_seq1[-]1-1170","-","gene16117.mRNA1"
"61","XLOC_000061","comp350471_c0_seq1[+]1-889","-","gene16034.mRNA1"
"62","XLOC_000062","comp351088_c2_seq1[+]1-791","-","gene16129.mRNA1"
"63","XLOC_000063","comp351125_c0_seq2[+]1-757","-","gene16050.mRNA1"
"64","XLOC_000064","comp352373_c0_seq2[-]1-873","-","gene16087.mRNA1"
"65","XLOC_000065","comp353052_c0_seq2[-]1-3880","-","gene16166.mRNA1"
"66","XLOC_000066","comp354006_c0_seq1[+]1-1843","-","gene16156.mRNA1"
"67","XLOC_000067","comp354083_c0_seq1[+]1-823","-","gene16020.mRNA1"
"68","XLOC_000068","comp354524_c0_seq1[-]1-798","-","gene16048.mRNA1"
"69","XLOC_000069","comp355467_c0_seq1[+]1-1951","-","gene16118.mRNA1"
"70","XLOC_000070","comp356120_c0_seq1[-]1-927","-","gene16031.mRNA1"
"71","XLOC_000071","comp357151_c0_seq1[-]1-1084","-","gene16018.mRNA1"
"72","XLOC_000072","comp357247_c0_seq1[+]1-1057","-","gene16153.mRNA1"
"73","XLOC_000073","comp358339_c1_seq2[-]1-3126","-","gene16056.mRNA1"
"74","XLOC_000074","comp358354_c0_seq1[+]1-1494","-","gene16097.mRNA1"
"75","XLOC_000075","comp358678_c2_seq2[-]1-1915","-","gene16062.mRNA1"
"76","XLOC_000076","comp358678_c2_seq3[-]1-1846","-","gene16058.mRNA1"
"77","XLOC_000077","comp358721_c0_seq3[-]1-3904","-","gene16059.mRNA1"
"78","XLOC_000078","comp358721_c0_seq4[-]1-3565","-","gene16063.mRNA1"
"79","XLOC_000079","comp359186_c0_seq2[+]1-1811","-","gene16016.mRNA1"
"80","XLOC_000080","comp360107_c3_seq9[+]1-1749","-","gene16152.mRNA1"
"81","XLOC_000081","comp360107_c4_seq1[-]1-2589","-","gene16045.mRNA1"
"82","XLOC_000082","comp360398_c0_seq2[-]1-796","-","gene16026.mRNA1"
"83","XLOC_000083","comp360868_c0_seq23[-]1-1149","-","gene16121.mRNA1"
"84","XLOC_000084","comp360868_c0_seq31[-]1-1124","-","gene16098.mRNA1"
"85","XLOC_000085","comp360868_c0_seq5[-]1-1090","-","gene16049.mRNA1"
"86","XLOC_000086","comp360868_c0_seq52[-]1-978","-","gene16044.mRNA1"
"87","XLOC_000087","comp361103_c0_seq8[-]1-860","-","gene16017.mRNA1"
"88","XLOC_000088","comp361265_c0_seq10[+]1-1317","-","gene16089.mRNA1"
"89","XLOC_000089","comp361635_c2_seq18[+]1-1006","-","gene16023.mRNA1"
"90","XLOC_000090","comp361681_c0_seq6[-]1-3160","-","gene16076.mRNA1"
"91","XLOC_000091","comp361681_c0_seq7[-]1-3411","-","gene16039.mRNA1"
"92","XLOC_000092","comp362239_c0_seq14[+]1-2178","-","gene16070.mRNA1"
"93","XLOC_000093","comp362770_c2_seq2[-]1-1592","-","gene16032.mRNA1"
"94","XLOC_000094","comp363044_c0_seq1[+]1-2237","-","gene16025.mRNA1"
"95","XLOC_000095","comp363044_c1_seq1[+]1-795","-","gene16106.mRNA1"
"96","XLOC_000096","comp363056_c5_seq1[+]1-480","-","gene16091.mRNA1"
"97","XLOC_000097","comp363189_c0_seq1[-]1-3613","-","gene16004.mRNA1"
"98","XLOC_000098","comp363244_c1_seq21[-]1-1671","-","gene16006.mRNA1"
"99","XLOC_000099","comp363244_c1_seq23[-]1-818","-","gene16007.mRNA1"
"100","XLOC_000100","comp363303_c0_seq1[+]1-1450","-","gene16110.mRNA1"
"101","XLOC_000101","comp364199_c6_seq4[-]1-1234","-","gene16083.mRNA1"
"102","XLOC_000102","comp364204_c3_seq19[-]1-2104","-","gene16133.mRNA1"
"103","XLOC_000103","comp364231_c9_seq1[-]1-2205","-","gene16030.mRNA1"
"104","XLOC_000104","comp364354_c0_seq1[-]1-1407","-","gene16042.mRNA1"
"105","XLOC_000105","comp364354_c0_seq7[-]1-1338","-","gene16114.mRNA1"
"106","XLOC_000106","comp364480_c0_seq11[+]1-2380","-","gene16102.mRNA1"
"107","XLOC_000107","comp364827_c1_seq2[-]1-1661","-","gene16043.mRNA1"
"108","XLOC_000108","comp365387_c0_seq26[+]1-1346","-","gene16064.mRNA1"
"109","XLOC_000109","comp365387_c0_seq34[-]1-2480","-","gene16107.mRNA1"
"110","XLOC_000110","comp365635_c2_seq2[-]1-4408","-","gene16079.mRNA1"
"111","XLOC_000111","comp365968_c1_seq6[-]1-593","-","gene16150.mRNA1"
"112","XLOC_000112","comp366261_c4_seq2[+]1-661","-","gene16057.mRNA1"
"113","XLOC_000113","comp366276_c7_seq13[+]1-658","-","gene16140.mRNA1"
"114","XLOC_000114","comp366366_c7_seq8[-]1-1215","-","gene16092.mRNA1"
"115","XLOC_000115","comp366392_c0_seq2[+]1-1089","-","gene16037.mRNA1"
"116","XLOC_000116","comp366559_c2_seq4[+]1-3917","-","gene16038.mRNA1"
"117","XLOC_000117","comp366650_c2_seq20[-]1-2146","-","gene16077.mRNA1"
"118","XLOC_000118","comp366650_c2_seq34[-]1-1583","-","gene16009.mRNA1"
"119","XLOC_000119","comp367071_c3_seq9[-]1-1062","-","gene16125.mRNA1"
"120","XLOC_000120","comp367238_c2_seq17[-]1-1135","-","gene16172.mRNA1"
"121","XLOC_000121","comp367568_c0_seq26[+]1-2603","-","gene16013.mRNA1"
"122","XLOC_000122","comp367747_c2_seq15[+]1-1111","-","gene16101.mRNA1"
"123","XLOC_000123","comp367747_c2_seq17[+]1-1710","-","gene16099.mRNA1"
"124","XLOC_000124","comp367747_c2_seq4[+]1-1106","-","gene16068.mRNA1"
"125","XLOC_000125","comp367747_c2_seq8[+]1-1733","-","gene16074.mRNA1"
"126","XLOC_000126","comp367779_c0_seq3[+]1-4893","-","gene16093.mRNA1"
"127","XLOC_000127","comp368176_c3_seq16[-]1-2188","-","gene16145.mRNA1"
"128","XLOC_000128","comp368651_c0_seq1[-]1-2614","-","gene16142.mRNA1"
"129","XLOC_000129","comp369110_c12_seq1[+]1-2820","-","gene16170.mRNA1"
"130","XLOC_000130","comp369162_c0_seq7[+]1-1212","-","gene16082.mRNA1"
"131","XLOC_000131","comp369162_c0_seq9[-]1-915","-","gene16080.mRNA1"
"132","XLOC_000132","comp369297_c5_seq2[-]1-1623","-","gene16112.mRNA1"
"133","XLOC_000133","comp369337_c4_seq4[-]1-2770","-","gene16041.mRNA1"
"134","XLOC_000134","comp369603_c0_seq11[+]1-1687","-","gene16119.mRNA1"
"135","XLOC_000135","comp369603_c0_seq12[-]1-1416","-","gene16122.mRNA1"
"136","XLOC_000136","comp369603_c0_seq4[-]1-1470","-","gene16131.mRNA1"
"137","XLOC_000137","comp369603_c0_seq6[-]1-1633","-","gene16130.mRNA1"
"138","XLOC_000138","comp369676_c2_seq1[-]1-1564","-","gene16072.mRNA1"
"139","XLOC_000139","comp370668_c1_seq17[-]1-786","-","gene16141.mRNA1"
"140","XLOC_000140","comp371021_c1_seq2[+]1-1866","-","gene16005.mRNA1"
"141","XLOC_000141","comp371878_c0_seq21[-]1-1205","-","gene16046.mRNA1"
"142","XLOC_000142","comp372211_c1_seq1[-]1-955","-","gene16160.mRNA1"
"143","XLOC_000143","comp372219_c2_seq2[-]1-2716","-","gene16120.mRNA1"
"144","XLOC_000144","comp372574_c0_seq2[+]1-5690","-","gene16052.mRNA1"
"145","XLOC_000145","comp373180_c2_seq1[+]1-552","-","gene16084.mRNA1"
"146","XLOC_000146","comp373347_c0_seq1[-]1-1468","-","gene16065.mRNA1"
"147","XLOC_000147","comp373347_c0_seq5[+]1-2924","-","gene16071.mRNA1"
"148","XLOC_000148","comp373347_c0_seq7[+]1-3361","-","gene16075.mRNA1"
"149","XLOC_000149","comp373874_c2_seq1[+]1-3394","-","gene16115.mRNA1"
"150","XLOC_000150","comp374222_c1_seq2[-]1-1220","-","gene16154.mRNA1"
"151","XLOC_000151","comp374315_c3_seq28[-]1-7047","-","gene16108.mRNA1"
"152","XLOC_000152","comp374315_c3_seq35[-]1-7380","-","gene16095.mRNA1"
"153","XLOC_000153","comp374576_c1_seq5[-]1-5412","-","gene16168.mRNA1"
"154","XLOC_000154","comp374576_c1_seq7[+]1-5384","-","gene16157.mRNA1"
"155","XLOC_000155","comp374851_c0_seq1[+]1-2631","-","gene16147.mRNA1"
"156","XLOC_000156","comp405853_c0_seq1[+]1-1588","-","gene16027.mRNA1"
"157","XLOC_000157","comp432985_c0_seq1[+]1-1104","-","gene16040.mRNA1"
"158","XLOC_000158","comp455029_c0_seq1[+]1-713","-","gene16073.mRNA1"
"159","XLOC_000159","comp484873_c0_seq1[-]1-1747","-","gene16137.mRNA1"
"160","XLOC_000160","comp484909_c0_seq1[-]1-566","-","gene16028.mRNA1"
"161","XLOC_000161","comp507834_c0_seq1[+]1-573","-","gene16033.mRNA1"
"162","XLOC_000162","comp523081_c0_seq1[+]1-718","-","gene16035.mRNA1"
"163","XLOC_000163","comp54655_c0_seq1[+]1-530","-","gene16078.mRNA1"
"164","XLOC_000164","comp60311_c0_seq1[-]1-649","-","gene16134.mRNA1"
"165","XLOC_000165","comp619616_c0_seq1[-]1-594","-","gene16103.mRNA1"
"166","XLOC_000166","comp691508_c0_seq1[-]1-1021","-","gene16158.mRNA1"
"167","XLOC_000167","comp691655_c0_seq1[-]1-475","-","gene16008.mRNA1"
"168","XLOC_000168","comp75534_c0_seq1[+]1-605","-","gene16151.mRNA1"
"169","XLOC_000169","comp761727_c0_seq1[+]1-456","-","gene16054.mRNA1"
"236","XLOC_000236","supercont1.1[-]2396850-2563640","-","gene15672.mRNA1,gene15672.mRNA2"
"261","XLOC_000261","supercont1.1[-]4092935-4099041","-","gene15671.mRNA1,gene15671.mRNA2,gene15671.mRNA3,gene15671.mRNA4,gene15671.mRNA10,gene15671.mRNA11,gene15671.mRNA12,gene15671.mRNA13,gene15671.mRNA14,gene15671.mRNA15,gene15671.mRNA5,gene15671.mRNA6,gene15671.mRNA7,gene15671.mRNA8,gene15671.mRNA9,gene15671.mRNA16"
"333","XLOC_000333","supercont1.1000[+]220613-221347","-","gene3018.mRNA1"
"344","XLOC_000344","supercont1.1003[-]167439-168122","-","gene15705.mRNA1"
"378","XLOC_000378","supercont1.101[+]980415-983394","-","gene15641.mRNA1"
"379","XLOC_000379","supercont1.101[+]1482935-1483641","-","gene15642.mRNA1"
"408","XLOC_000408","supercont1.1015[+]2769-3682","-","gene11091.mRNA1"
"409","XLOC_000409","supercont1.1015[+]41771-156144","-","gene15857.mRNA1,gene15857.mRNA2,gene15857.mRNA3,gene15857.mRNA4,gene15857.mRNA5,gene15857.mRNA6,gene15857.mRNA7,gene15857.mRNA8,gene15857.mRNA9,gene15857.mRNA10"
"425","XLOC_000425","supercont1.1019[-]152985-161297","-","gene1905.mRNA1,gene1905.mRNA2,gene1905.mRNA3,gene1905.mRNA4,gene1905.mRNA5,gene1905.mRNA6"
"532","XLOC_000532","supercont1.104[+]1080939-1081877","-","gene8627.mRNA1"
"585","XLOC_000585","supercont1.105[+]1536890-1538553","-","gene14801.mRNA1"
"663","XLOC_000663","supercont1.106[+]94149-95614","-","gene6741.mRNA1"
"664","XLOC_000664","supercont1.106[+]197237-198226","-","gene6735.mRNA1"
"718","XLOC_000718","supercont1.1066[+]92668-174667","-","gene15680.mRNA1"
"742","XLOC_000742","supercont1.107[+]1870122-1871158","-","gene15690.mRNA1"
"780","XLOC_000780","supercont1.1075[-]94388-95669","-","gene8370.mRNA1"
"828","XLOC_000828","supercont1.1085[+]26391-27266","-","gene6299.mRNA1"
"866","XLOC_000866","supercont1.109[+]1869233-1870812","-","gene1429.mRNA1"
"968","XLOC_000968","supercont1.110[+]1565717-1566391","-","gene5530.mRNA1"
"1008","XLOC_001008","supercont1.1104[+]206806-209958","-","gene15933.mRNA1"
"1011","XLOC_001011","supercont1.1105[-]90422-92532","-","gene2420.mRNA1,gene2420.mRNA2"
"1035","XLOC_001035","supercont1.111[-]2465102-2466950","-","gene15684.mRNA1,gene15684.mRNA2"
"1044","XLOC_001044","supercont1.1112[+]102910-104348","-","gene15700.mRNA1"
"1065","XLOC_001065","supercont1.112[+]22083-26655","-","gene3155.mRNA1,gene3155.mRNA2,gene3155.mRNA3,gene3155.mRNA4"
"1085","XLOC_001085","supercont1.112[-]1957331-1958435","-","gene3171.mRNA1"
"1099","XLOC_001099","supercont1.1126[+]190262-191728","-","gene15778.mRNA1"
"1100","XLOC_001100","supercont1.1127[+]22803-25273","-","gene15731.mRNA1"
"1116","XLOC_001116","supercont1.113[+]1644495-1645785","-","gene10376.mRNA1"
"1143","XLOC_001143","supercont1.1131[+]207811-209061","-","gene10468.mRNA1"
"1168","XLOC_001168","supercont1.114[+]504401-505358","-","gene15891.mRNA1"
"1182","XLOC_001182","supercont1.114[-]1688563-1826961","-","gene15892.mRNA1,gene15892.mRNA2,gene15892.mRNA3"
"1190","XLOC_001190","supercont1.1141[+]97027-143536","-","gene6053.mRNA1"
"1199","XLOC_001199","supercont1.1145[+]117233-118519","-","gene4438.mRNA1"
"1212","XLOC_001212","supercont1.115[+]1429833-1431884","-","gene15763.mRNA1"
"1228","XLOC_001228","supercont1.115[-]2251731-2253066","-","gene8564.mRNA1"
"1239","XLOC_001239","supercont1.1153[+]26786-27521","-","gene7654.mRNA1"
"1240","XLOC_001240","supercont1.1153[+]143370-145163","-","gene15901.mRNA1"
"1241","XLOC_001241","supercont1.1154[+]290219-326539","-","gene284.mRNA1,gene284.mRNA2"
"1245","XLOC_001245","supercont1.1155[+]100008-101599","-","gene9078.mRNA1"
"1323","XLOC_001323","supercont1.117[-]724987-726852","-","gene5327.mRNA1"
"1356","XLOC_001356","supercont1.118[+]2086822-2088127","-","gene15713.mRNA1"
"1463","XLOC_001463","supercont1.12[+]818183-818945","-","gene1365.mRNA1"
"1472","XLOC_001472","supercont1.12[+]3472932-3474484","-","gene15878.mRNA1"
"1608","XLOC_001608","supercont1.122[+]2244850-2246079","-","gene15711.mRNA1"
"1615","XLOC_001615","supercont1.122[-]120946-121830","-","gene15712.mRNA1"
"1665","XLOC_001665","supercont1.123[+]1742966-1743902","-","gene15757.mRNA1"
"1713","XLOC_001713","supercont1.1236[-]40428-41025","-","gene14472.mRNA1"
"1726","XLOC_001726","supercont1.124[+]1945003-1945759","-","gene15983.mRNA1"
"1727","XLOC_001727","supercont1.124[+]1962157-1963137","-","gene15982.mRNA1"
"1732","XLOC_001732","supercont1.124[-]1017106-1018115","-","gene6075.mRNA1,gene6075.mRNA2"
"1734","XLOC_001734","supercont1.124[-]1475604-1476290","-","gene6088.mRNA1"
"1842","XLOC_001842","supercont1.126[+]1311060-1314738","-","gene8382.mRNA1,gene8382.mRNA2,gene8382.mRNA3,gene8382.mRNA4,gene8382.mRNA5,gene8382.mRNA6"
"1899","XLOC_001899","supercont1.1271[-]22843-23884","-","gene15912.mRNA1"
"1910","XLOC_001910","supercont1.1277[+]5337-6380","-","gene15997.mRNA1"
"1934","XLOC_001934","supercont1.128[+]1216166-1218105","-","gene10709.mRNA1"
"2060","XLOC_002060","supercont1.13[+]4153584-4154723","-","gene15830.mRNA1"
"2063","XLOC_002063","supercont1.13[+]4350824-4351968","-","gene5188.mRNA1"
"2092","XLOC_002092","supercont1.130[+]1903165-1903727","-","gene1593.mRNA1"
"2093","XLOC_002093","supercont1.130[+]2014344-2019560","-","gene1589.mRNA1"
"2095","XLOC_002095","supercont1.130[+]2408315-2409278","-","gene1588.mRNA1"
"2116","XLOC_002116","supercont1.131[+]627401-628142","-","gene15788.mRNA1"
"2157","XLOC_002157","supercont1.132[+]1103665-1104648","-","gene3379.mRNA1"
"2196","XLOC_002196","supercont1.1323[+]25703-27096","-","gene15651.mRNA1"
"2200","XLOC_002200","supercont1.1324[+]141297-141908","-","gene15777.mRNA1"
"2307","XLOC_002307","supercont1.135[+]855376-856282","-","gene8221.mRNA1"
"2311","XLOC_002311","supercont1.135[+]1621736-1623728","-","gene15692.mRNA1"
"2313","XLOC_002313","supercont1.135[+]1894518-1899934","-","gene15693.mRNA1"
"2346","XLOC_002346","supercont1.136[+]166762-168010","-","gene14605.mRNA1"
"2356","XLOC_002356","supercont1.136[+]799826-801076","-","gene14638.mRNA1"
"2488","XLOC_002488","supercont1.139[-]532165-532952","-","gene3304.mRNA1"
"2512","XLOC_002512","supercont1.1398[+]52646-54268","-","gene15793.mRNA1"
"2554","XLOC_002554","supercont1.140[+]3193-4254","-","gene15943.mRNA1"
"2558","XLOC_002558","supercont1.140[+]957947-959163","-","gene15942.mRNA1"
"2602","XLOC_002602","supercont1.1405[+]4383-5885","-","gene15640.mRNA1"
"2643","XLOC_002643","supercont1.142[+]1883162-1898844","-","gene15887.mRNA1"
"2644","XLOC_002644","supercont1.142[+]1921230-1924099","-","gene15886.mRNA1"
"2697","XLOC_002697","supercont1.1431[+]46298-49391","-","gene15884.mRNA1,gene15884.mRNA2"
"2708","XLOC_002708","supercont1.144[+]533718-534918","-","gene15890.mRNA1"
"2711","XLOC_002711","supercont1.144[+]690894-692231","-","gene15025.mRNA1"
"2729","XLOC_002729","supercont1.1441[+]61307-62335","-","gene15659.mRNA1"
"2829","XLOC_002829","supercont1.147[-]637011-638687","-","gene3300.mRNA1"
"2861","XLOC_002861","supercont1.148[-]795614-797903","-","gene5944.mRNA1,gene5944.mRNA2,gene5944.mRNA3,gene5944.mRNA4"
"2881","XLOC_002881","supercont1.1487[+]6832-8038","-","gene870.mRNA1"
"2934","XLOC_002934","supercont1.150[+]1400703-1401927","-","gene7138.mRNA1"
"3035","XLOC_003035","supercont1.153[+]1262826-1271551","-","gene15959.mRNA1"
"3039","XLOC_003039","supercont1.153[-]1680555-1682181","-","gene7896.mRNA1"
"3059","XLOC_003059","supercont1.154[+]2058688-2061947","-","gene14389.mRNA1"
"3082","XLOC_003082","supercont1.155[+]646044-646744","-","gene5878.mRNA1"
"3102","XLOC_003102","supercont1.155[-]1755321-1846939","-","gene15934.mRNA1,gene15934.mRNA2,gene15934.mRNA3,gene15934.mRNA4,gene15934.mRNA5,gene15934.mRNA6"
"3112","XLOC_003112","supercont1.156[+]729750-732037","-","gene15935.mRNA1,gene15935.mRNA2"
"3113","XLOC_003113","supercont1.156[+]934424-951350","-","gene4000.mRNA1,gene4000.mRNA2"
"3129","XLOC_003129","supercont1.157[+]110493-123285","-","gene3934.mRNA1"
"3200","XLOC_003200","supercont1.16[+]996235-1000560","-","gene15634.mRNA1"
"3205","XLOC_003205","supercont1.16[+]2705679-2707565","-","gene15633.mRNA1"
"3250","XLOC_003250","supercont1.160[-]863143-928652","-","gene14124.mRNA1,gene14124.mRNA2,gene14124.mRNA3,gene14124.mRNA4,gene14124.mRNA5,gene14124.mRNA6,gene14124.mRNA7"
"3263","XLOC_003263","supercont1.161[+]122832-124295","-","gene15728.mRNA1"
"3272","XLOC_003272","supercont1.161[-]159236-160924","-","gene421.mRNA1,gene421.mRNA2"
"3282","XLOC_003282","supercont1.161[-]2022946-2026148","-","gene422.mRNA1,gene422.mRNA2,gene422.mRNA3,gene422.mRNA4,gene422.mRNA5"
"3298","XLOC_003298","supercont1.162[+]1995772-1996553","-","gene11014.mRNA1"
"3302","XLOC_003302","supercont1.162[-]492905-494073","-","gene11018.mRNA1"
"3312","XLOC_003312","supercont1.162[-]1778071-1841503","-","gene11011.mRNA1,gene11011.mRNA2,gene11011.mRNA3,gene11011.mRNA4"
"3315","XLOC_003315","supercont1.1622[+]25578-26279","-","gene5584.mRNA1"
"3316","XLOC_003316","supercont1.1628[-]3505-43454","-","gene6072.mRNA1,gene6072.mRNA2,gene6072.mRNA3,gene6072.mRNA4"
"3392","XLOC_003392","supercont1.165[+]1823554-1826616","-","gene1688.mRNA1"
"3403","XLOC_003403","supercont1.166[+]1446139-1448889","-","gene15902.mRNA1"
"3459","XLOC_003459","supercont1.1689[+]17842-19230","-","gene11977.mRNA1"
"3509","XLOC_003509","supercont1.17[+]4028755-4029373","-","gene15716.mRNA1"
"3585","XLOC_003585","supercont1.171[+]226985-227701","-","gene3191.mRNA1"
"3602","XLOC_003602","supercont1.1715[+]7638-8610","-","gene15679.mRNA1"
"3646","XLOC_003646","supercont1.174[+]471213-473141","-","gene14489.mRNA1"
"3653","XLOC_003653","supercont1.174[+]893675-894702","-","gene15819.mRNA1,gene15819.mRNA2,gene15819.mRNA3,gene15819.mRNA4"
"3717","XLOC_003717","supercont1.176[+]922251-923318","-","gene8815.mRNA1"
"3741","XLOC_003741","supercont1.177[+]1039799-1051311","-","gene15813.mRNA1,gene15813.mRNA2,gene15813.mRNA3,gene15813.mRNA4,gene15813.mRNA5,gene15813.mRNA6"
"3765","XLOC_003765","supercont1.1777[-]16835-17728","-","gene10840.mRNA1"
"3767","XLOC_003767","supercont1.178[+]174142-175076","-","gene3278.mRNA1"
"3858","XLOC_003858","supercont1.18[+]3900738-3901268","-","gene7421.mRNA1"
"3880","XLOC_003880","supercont1.18[-]2174656-2417294","-","gene15866.mRNA1,gene15866.mRNA2,gene15866.mRNA3,gene15866.mRNA4"
"3981","XLOC_003981","supercont1.184[+]32317-97533","-","gene15686.mRNA1,gene15686.mRNA2,gene15686.mRNA3,gene15686.mRNA4,gene15686.mRNA5"
"4144","XLOC_004144","supercont1.19[-]750756-752809","-","gene15894.mRNA1"
"4159","XLOC_004159","supercont1.190[+]1396436-1397948","-","gene6949.mRNA1"
"4212","XLOC_004212","supercont1.1916[+]3675-6427","-","gene15910.mRNA1"
"4257","XLOC_004257","supercont1.194[+]1107080-1108786","-","gene15725.mRNA1"
"4317","XLOC_004317","supercont1.197[+]331944-333114","-","gene13229.mRNA1"
"4377","XLOC_004377","supercont1.2[+]286674-287580","-","gene2954.mRNA1"
"4401","XLOC_004401","supercont1.2[+]5301627-5304751","-","gene15811.mRNA1"
"4402","XLOC_004402","supercont1.2[+]5412338-5482470","-","gene15812.mRNA1,gene15812.mRNA2,gene15809.mRNA1"
"4418","XLOC_004418","supercont1.2[-]2161671-2164605","-","gene15810.mRNA1"
"4437","XLOC_004437","supercont1.20[+]821862-823380","-","gene15660.mRNA1"
"4470","XLOC_004470","supercont1.20[-]3238127-3429489","-","gene15661.mRNA1,gene15661.mRNA2,gene15661.mRNA3,gene15661.mRNA4,gene15661.mRNA5,gene15661.mRNA6,gene15661.mRNA7,gene15661.mRNA8,gene15661.mRNA9,gene15661.mRNA10,gene15661.mRNA11,gene15661.mRNA12,gene15661.mRNA13,gene15661.mRNA14,gene15661.mRNA15,gene15661.mRNA16,gene15661.mRNA17,gene15661.mRNA18,gene15661.mRNA19,gene15661.mRNA20,gene15661.mRNA21,gene15661.mRNA22,gene15661.mRNA23,gene15661.mRNA24,gene15661.mRNA25,gene15661.mRNA26,gene15661.mRNA27,gene15661.mRNA28,gene15661.mRNA29,gene15661.mRNA30,gene15661.mRNA31,gene15661.mRNA32,gene15661.mRNA33,gene15661.mRNA34,gene15661.mRNA35,gene15661.mRNA36,gene15661.mRNA37"
"4483","XLOC_004483","supercont1.200[+]1573494-1575399","-","gene9842.mRNA1,gene9842.mRNA2"
"4533","XLOC_004533","supercont1.202[+]624537-625438","-","gene4176.mRNA1,gene4176.mRNA2"
"4534","XLOC_004534","supercont1.202[+]724402-725038","-","gene4164.mRNA1"
"4543","XLOC_004543","supercont1.202[+]1691356-1692777","-","gene4182.mRNA1"
"4544","XLOC_004544","supercont1.202[+]1817400-1817852","-","gene4178.mRNA1"
"4614","XLOC_004614","supercont1.2040[-]5678-7395","-","gene15966.mRNA1"
"4615","XLOC_004615","supercont1.2042[+]6891-8022","-","gene8296.mRNA1,gene8296.mRNA2"
"4708","XLOC_004708","supercont1.209[+]256401-257949","-","gene15859.mRNA1"
"4709","XLOC_004709","supercont1.209[+]259152-260409","-","gene15858.mRNA1"
"4722","XLOC_004722","supercont1.209[+]1136121-1295025","-","gene1138.mRNA1,gene1138.mRNA2,gene1138.mRNA3,gene1138.mRNA4,gene1138.mRNA5,gene1138.mRNA6"
"4748","XLOC_004748","supercont1.21[+]2410420-2430044","-","gene11405.mRNA1"
"4805","XLOC_004805","supercont1.210[-]1097753-1098668","-","gene13491.mRNA1"
"4885","XLOC_004885","supercont1.2131[-]61-10697","-","gene7689.mRNA1,gene7689.mRNA2,gene7689.mRNA3,gene7689.mRNA4,gene7689.mRNA5"
"4908","XLOC_004908","supercont1.215[+]1681136-1682590","-","gene6151.mRNA1"
"4927","XLOC_004927","supercont1.216[+]183165-183752","-","gene15792.mRNA1"
"4958","XLOC_004958","supercont1.217[+]865125-866675","-","gene15916.mRNA1"
"4973","XLOC_004973","supercont1.217[-]1157910-1159284","-","gene15915.mRNA1"
"4982","XLOC_004982","supercont1.218[+]882280-883124","-","gene14449.mRNA1"
"5141","XLOC_005141","supercont1.2213[+]7945-9111","-","gene15918.mRNA1"
"5142","XLOC_005142","supercont1.222[+]285916-286505","-","gene15855.mRNA1"
"5154","XLOC_005154","supercont1.222[+]1603636-1604726","-","gene15854.mRNA1"
"5189","XLOC_005189","supercont1.224[+]536952-542531","-","gene15870.mRNA1"
"5234","XLOC_005234","supercont1.226[+]1394182-1395339","-","gene12025.mRNA1"
"5252","XLOC_005252","supercont1.227[+]1048691-1049757","-","gene7913.mRNA1"
"5268","XLOC_005268","supercont1.228[+]744723-748611","-","gene15715.mRNA1"
"5287","XLOC_005287","supercont1.229[+]1137415-1137886","-","gene2758.mRNA1"
"5293","XLOC_005293","supercont1.229[-]34159-47315","-","gene15770.mRNA1,gene15770.mRNA2"
"5309","XLOC_005309","supercont1.23[+]319017-346087","-","gene15961.mRNA1,gene15961.mRNA2,gene15961.mRNA3,gene15961.mRNA4,gene15961.mRNA5,gene15961.mRNA6,gene15961.mRNA7,gene15961.mRNA8,gene15961.mRNA9,gene15961.mRNA10"
"5329","XLOC_005329","supercont1.23[+]3295964-3301195","-","gene15960.mRNA1"
"5389","XLOC_005389","supercont1.231[+]881882-886588","-","gene15895.mRNA1"
"5466","XLOC_005466","supercont1.233[-]423315-425451","-","gene15873.mRNA1"
"5552","XLOC_005552","supercont1.239[+]229218-232258","-","gene15685.mRNA1"
"5558","XLOC_005558","supercont1.24[+]394002-396300","-","gene15772.mRNA1,gene15772.mRNA2"
"5610","XLOC_005610","supercont1.240[+]779136-781176","-","gene12594.mRNA1"
"5634","XLOC_005634","supercont1.241[-]55544-124421","-","gene15899.mRNA1,gene15899.mRNA2,gene15899.mRNA3,gene15899.mRNA4,gene15899.mRNA5,gene15899.mRNA6,gene15899.mRNA7,gene15899.mRNA8,gene15899.mRNA9"
"5680","XLOC_005680","supercont1.244[+]241111-242370","-","gene15832.mRNA1"
"5687","XLOC_005687","supercont1.244[+]1312356-1318038","-","gene15833.mRNA1"
"5694","XLOC_005694","supercont1.244[-]362654-437950","-","gene15831.mRNA1,gene15831.mRNA2,gene15831.mRNA3,gene15831.mRNA4,gene15831.mRNA5,gene15831.mRNA6"
"5711","XLOC_005711","supercont1.245[+]619603-636690","-","gene15650.mRNA1"
"5746","XLOC_005746","supercont1.247[+]76561-81027","-","gene15968.mRNA1"
"5748","XLOC_005748","supercont1.247[+]115322-119414","-","gene15969.mRNA1"
"5752","XLOC_005752","supercont1.247[+]666844-667996","-","gene15970.mRNA1"
"5753","XLOC_005753","supercont1.247[+]751569-752398","-","gene15483.mRNA1"
"5822","XLOC_005822","supercont1.25[+]699993-702240","-","gene15720.mRNA1,gene15720.mRNA2"
"5873","XLOC_005873","supercont1.251[-]196458-200582","-","gene15906.mRNA1"
"5931","XLOC_005931","supercont1.255[-]643423-662087","-","gene15698.mRNA1,gene15698.mRNA2"
"5965","XLOC_005965","supercont1.257[+]453987-456227","-","gene15755.mRNA1"
"5968","XLOC_005968","supercont1.257[+]518851-519713","-","gene15753.mRNA1"
"5986","XLOC_005986","supercont1.257[-]1472766-1481016","-","gene15752.mRNA1,gene15754.mRNA1"
"6021","XLOC_006021","supercont1.26[+]1941295-1942884","-","gene7648.mRNA1"
"6025","XLOC_006025","supercont1.26[+]3336376-3337444","-","gene7653.mRNA1"
"6069","XLOC_006069","supercont1.262[+]1245430-1251074","-","gene15951.mRNA1"
"6170","XLOC_006170","supercont1.269[+]307626-308779","-","gene12858.mRNA1"
"6220","XLOC_006220","supercont1.271[-]1465875-1537737","-","gene15941.mRNA1,gene15941.mRNA2,gene15941.mRNA3,gene15941.mRNA4,gene15941.mRNA5,gene15941.mRNA6,gene15941.mRNA7"
"6223","XLOC_006223","supercont1.272[+]929488-930945","-","gene15818.mRNA1,gene15818.mRNA2"
"6230","XLOC_006230","supercont1.273[+]910766-913713","-","gene7099.mRNA1,gene7099.mRNA2,gene7099.mRNA3,gene7099.mRNA4"
"6264","XLOC_006264","supercont1.275[-]482953-485049","-","gene5009.mRNA1,gene5009.mRNA2"
"6345","XLOC_006345","supercont1.28[+]2302425-2385998","-","gene15729.mRNA1,gene15729.mRNA2,gene15729.mRNA3,gene15729.mRNA4,gene15729.mRNA5,gene15729.mRNA6"
"6467","XLOC_006467","supercont1.286[+]1408919-1410521","-","gene15861.mRNA1"
"6520","XLOC_006520","supercont1.288[+]1101497-1132227","-","gene15872.mRNA1,gene15872.mRNA2,gene15872.mRNA3,gene15872.mRNA4,gene15872.mRNA5,gene15872.mRNA6,gene15872.mRNA7,gene15872.mRNA8,gene15872.mRNA9"
"6546","XLOC_006546","supercont1.29[+]267986-323108","-","gene15807.mRNA1,gene15807.mRNA2,gene15807.mRNA3"
"6556","XLOC_006556","supercont1.29[+]2765594-2766415","-","gene2881.mRNA1"
"6834","XLOC_006834","supercont1.300[+]875182-876810","-","gene9396.mRNA1"
"6889","XLOC_006889","supercont1.302[+]831723-832176","-","gene13077.mRNA1"
"6906","XLOC_006906","supercont1.303[+]1153960-1154766","-","gene15926.mRNA1"
"6938","XLOC_006938","supercont1.304[+]1078034-1081568","-","gene15707.mRNA1,gene15707.mRNA2,gene15707.mRNA3,gene15707.mRNA4,gene15707.mRNA5"
"6949","XLOC_006949","supercont1.304[-]573513-574598","-","gene2372.mRNA1"
"6991","XLOC_006991","supercont1.306[-]1096458-1097893","-","gene9014.mRNA1"
"7006","XLOC_007006","supercont1.307[+]587827-589616","-","gene15647.mRNA1"
"7079","XLOC_007079","supercont1.31[-]1373846-1376117","-","gene10444.mRNA1"
"7124","XLOC_007124","supercont1.312[+]1055161-1225073","-","gene15963.mRNA1,gene15963.mRNA2,gene15963.mRNA3"
"7126","XLOC_007126","supercont1.312[+]1290956-1314636","-","gene15964.mRNA1,gene15964.mRNA2,gene15964.mRNA3,gene15964.mRNA4,gene15964.mRNA5,gene15964.mRNA6,gene15964.mRNA7,gene15964.mRNA8,gene15964.mRNA9,gene15964.mRNA10,gene15964.mRNA11"
"7184","XLOC_007184","supercont1.319[+]869804-870321","-","gene15678.mRNA1"
"7214","XLOC_007214","supercont1.32[+]3211949-3213181","-","gene15922.mRNA1"
"7264","XLOC_007264","supercont1.321[+]1248827-1250154","-","gene6606.mRNA1"
"7298","XLOC_007298","supercont1.323[+]751584-752814","-","gene15764.mRNA1"
"7300","XLOC_007300","supercont1.323[+]1099108-1100247","-","gene4863.mRNA1"
"7353","XLOC_007353","supercont1.327[+]722504-723423","-","gene15907.mRNA1"
"7363","XLOC_007363","supercont1.3278[+]1-1583","-","gene14423.mRNA1"
"7412","XLOC_007412","supercont1.33[+]635259-637957","-","gene15880.mRNA1"
"7437","XLOC_007437","supercont1.330[+]172351-175190","-","gene15639.mRNA1"
"7442","XLOC_007442","supercont1.330[+]967140-1061890","-","gene15638.mRNA1"
"7511","XLOC_007511","supercont1.333[+]1014310-1015860","-","gene15835.mRNA1"
"7552","XLOC_007552","supercont1.336[+]537852-538909","-","gene11070.mRNA1"
"7591","XLOC_007591","supercont1.339[+]136443-137578","-","gene15687.mRNA1"
"7596","XLOC_007596","supercont1.339[+]1222430-1225488","-","gene15688.mRNA1"
"7616","XLOC_007616","supercont1.34[+]2121780-2122919","-","gene15984.mRNA1"
"7647","XLOC_007647","supercont1.340[+]278501-280427","-","gene15802.mRNA1"
"7679","XLOC_007679","supercont1.342[+]1016315-1017909","-","gene15817.mRNA1"
"7824","XLOC_007824","supercont1.35[+]1241244-1252059","-","gene15850.mRNA1,gene15850.mRNA2"
"7874","XLOC_007874","supercont1.352[+]790866-821207","-","gene15839.mRNA1,gene15839.mRNA2,gene15839.mRNA3,gene15839.mRNA4"
"7888","XLOC_007888","supercont1.353[+]265090-265584","-","gene15962.mRNA1"
"7893","XLOC_007893","supercont1.353[+]467879-468842","-","gene4031.mRNA1,gene4031.mRNA2"
"7955","XLOC_007955","supercont1.357[+]789106-794760","-","gene15985.mRNA1"
"8154","XLOC_008154","supercont1.366[+]259185-260542","-","gene15775.mRNA1"
"8163","XLOC_008163","supercont1.366[-]170504-172584","-","gene15774.mRNA1"
"8165","XLOC_008165","supercont1.366[-]259185-290357","-","gene15776.mRNA1,gene15776.mRNA2"
"8200","XLOC_008200","supercont1.369[+]647424-691327","-","gene15945.mRNA1,gene15945.mRNA2"
"8240","XLOC_008240","supercont1.37[-]2529534-2531954","-","gene10492.mRNA1"
"8307","XLOC_008307","supercont1.3737[-]1583-2979","-","gene15795.mRNA1"
"8360","XLOC_008360","supercont1.379[+]16371-18213","-","gene15869.mRNA1"
"8370","XLOC_008370","supercont1.38[+]1346515-1347773","-","gene15789.mRNA1"
"8377","XLOC_008377","supercont1.38[+]2512441-2513321","-","gene10761.mRNA1"
"8381","XLOC_008381","supercont1.38[+]3467956-3487858","-","gene15790.mRNA1,gene15790.mRNA2"
"8422","XLOC_008422","supercont1.381[+]874082-875240","-","gene7461.mRNA1"
"8441","XLOC_008441","supercont1.383[+]527391-530096","-","gene15697.mRNA1"
"8459","XLOC_008459","supercont1.384[+]856396-857217","-","gene15851.mRNA1"
"8473","XLOC_008473","supercont1.385[+]879698-881379","-","gene8949.mRNA1"
"8509","XLOC_008509","supercont1.387[-]462313-465279","-","gene15794.mRNA1"
"8580","XLOC_008580","supercont1.39[-]2047501-2048542","-","gene1727.mRNA1"
"8617","XLOC_008617","supercont1.392[+]462737-463701","-","gene11242.mRNA1"
"8645","XLOC_008645","supercont1.394[+]97712-99770","-","gene684.mRNA1"
"8708","XLOC_008708","supercont1.397[+]467259-468530","-","gene15838.mRNA1"
"8872","XLOC_008872","supercont1.405[+]634459-755988","-","gene15946.mRNA1"
"8883","XLOC_008883","supercont1.406[+]1032680-1033919","-","gene15849.mRNA1"
"8903","XLOC_008903","supercont1.408[+]568377-570461","-","gene4715.mRNA1"
"8914","XLOC_008914","supercont1.409[-]573390-574046","-","gene11075.mRNA1"
"8980","XLOC_008980","supercont1.413[+]685645-689987","-","gene15889.mRNA1"
"8988","XLOC_008988","supercont1.414[+]273607-275707","-","gene14102.mRNA5"
"9014","XLOC_009014","supercont1.416[+]228173-235954","-","gene15683.mRNA1"
"9019","XLOC_009019","supercont1.417[+]373296-374528","-","gene15696.mRNA1"
"9038","XLOC_009038","supercont1.418[+]301123-304979","-","gene3566.mRNA1,gene3566.mRNA2"
"9187","XLOC_009187","supercont1.429[+]95162-96478","-","gene10824.mRNA1"
"9230","XLOC_009230","supercont1.43[+]1491150-1491730","-","gene12344.mRNA1"
"9283","XLOC_009283","supercont1.430[-]1039570-1047363","-","gene15761.mRNA1,gene15761.mRNA2,gene15761.mRNA3,gene15761.mRNA4,gene15761.mRNA5,gene15761.mRNA6"
"9285","XLOC_009285","supercont1.431[+]337359-341403","-","gene15822.mRNA1"
"9289","XLOC_009289","supercont1.431[-]588406-589220","-","gene15823.mRNA1"
"9363","XLOC_009363","supercont1.437[+]241572-242248","-","gene238.mRNA1"
"9421","XLOC_009421","supercont1.44[+]624356-625405","-","gene12745.mRNA1"
"9459","XLOC_009459","supercont1.440[+]687278-688833","-","gene14171.mRNA1"
"9493","XLOC_009493","supercont1.443[-]839073-933018","-","gene15719.mRNA1,gene15719.mRNA2,gene15719.mRNA3,gene15719.mRNA4,gene15719.mRNA5,gene15719.mRNA6,gene15719.mRNA7,gene15719.mRNA8,gene15719.mRNA9,gene15719.mRNA10,gene15719.mRNA11,gene15719.mRNA12,gene15719.mRNA13,gene15719.mRNA14,gene15719.mRNA15,gene15719.mRNA16,gene15719.mRNA17"
"9554","XLOC_009554","supercont1.448[+]468422-469885","-","gene7725.mRNA1"
"9568","XLOC_009568","supercont1.449[-]171113-175372","-","gene15736.mRNA1,gene15736.mRNA2,gene15736.mRNA3,gene15736.mRNA4,gene15736.mRNA5"
"9723","XLOC_009723","supercont1.4575[-]840-4334","-","gene15883.mRNA1"
"9769","XLOC_009769","supercont1.46[+]1718324-1723252","-","gene15955.mRNA1"
"9774","XLOC_009774","supercont1.46[+]2288925-2289936","-","gene15394.mRNA1"
"9775","XLOC_009775","supercont1.46[+]2410732-2414587","-","gene15956.mRNA1,gene15956.mRNA2"
"9825","XLOC_009825","supercont1.4612[-]2193-2914","-","gene15787.mRNA1"
"9883","XLOC_009883","supercont1.466[+]782949-783621","-","gene15723.mRNA1"
"10104","XLOC_010104","supercont1.475[+]572637-573791","-","gene10206.mRNA1"
"10152","XLOC_010152","supercont1.477[-]478449-479985","-","gene15658.mRNA1"
"10315","XLOC_010315","supercont1.487[+]908423-912417","-","gene7602.mRNA1,gene7602.mRNA2"
"10401","XLOC_010401","supercont1.490[+]3543-4391","-","gene14914.mRNA1"
"10449","XLOC_010449","supercont1.493[-]851494-852827","-","gene3415.mRNA1"
"10511","XLOC_010511","supercont1.499[+]835977-836659","-","gene13814.mRNA1"
"10530","XLOC_010530","supercont1.5[+]1901288-1902035","-","gene7829.mRNA1"
"10556","XLOC_010556","supercont1.5[-]2648479-2649360","-","gene15932.mRNA1"
"10574","XLOC_010574","supercont1.50[+]1635882-1637642","-","gene15682.mRNA1"
"10708","XLOC_010708","supercont1.51[+]1149303-1149939","-","gene1262.mRNA1"
"10718","XLOC_010718","supercont1.51[+]1447370-1448376","-","gene1316.mRNA1"
"10755","XLOC_010755","supercont1.51[-]1446840-1447508","-","gene1257.mRNA1"
"10848","XLOC_010848","supercont1.516[-]8950-9756","-","gene10568.mRNA1"
"10860","XLOC_010860","supercont1.517[+]610614-615167","-","gene15924.mRNA1"
"10879","XLOC_010879","supercont1.52[+]1104900-1106147","-","gene13462.mRNA1"
"10893","XLOC_010893","supercont1.52[+]2409346-2411582","-","gene15939.mRNA1"
"10896","XLOC_010896","supercont1.52[+]2817701-2819445","-","gene13460.mRNA1"
"10898","XLOC_010898","supercont1.52[-]448666-450612","-","gene15940.mRNA1"
"11008","XLOC_011008","supercont1.53[-]1352983-1354565","-","gene5051.mRNA1"
"11066","XLOC_011066","supercont1.535[+]202087-202948","-","gene7557.mRNA1"
"11095","XLOC_011095","supercont1.538[+]16-1126","-","gene15652.mRNA1"
"11123","XLOC_011123","supercont1.54[+]1625582-1626577","-","gene13415.mRNA1"
"11130","XLOC_011130","supercont1.54[+]2966838-2969036","-","gene15936.mRNA1"
"11203","XLOC_011203","supercont1.542[+]666955-761469","-","gene2554.mRNA1,gene2554.mRNA2,gene2554.mRNA3,gene2554.mRNA4,gene2554.mRNA5"
"11220","XLOC_011220","supercont1.543[+]759660-762447","-","gene15768.mRNA1"
"11229","XLOC_011229","supercont1.544[+]585867-586456","-","gene15657.mRNA1"
"11258","XLOC_011258","supercont1.548[+]526786-536526","-","gene15694.mRNA1,gene15694.mRNA2,gene15694.mRNA3,gene15694.mRNA4"
"11280","XLOC_011280","supercont1.55[+]1533341-1584585","-","gene15676.mRNA1"
"11317","XLOC_011317","supercont1.550[+]863740-884840","-","gene599.mRNA1"
"11350","XLOC_011350","supercont1.554[-]279045-282260","-","gene15741.mRNA1"
"11352","XLOC_011352","supercont1.555[+]643994-644447","-","gene15172.mRNA1"
"11424","XLOC_011424","supercont1.562[+]240692-295654","-","gene15913.mRNA1,gene15913.mRNA2,gene15913.mRNA3,gene15913.mRNA4,gene15913.mRNA5,gene15913.mRNA6"
"11451","XLOC_011451","supercont1.564[+]177961-178510","-","gene8774.mRNA1"
"11465","XLOC_011465","supercont1.565[-]635688-639300","-","gene15636.mRNA1"
"11518","XLOC_011518","supercont1.57[-]2718277-2719187","-","gene11256.mRNA1,gene11256.mRNA2"
"11579","XLOC_011579","supercont1.575[+]360355-363957","-","gene15875.mRNA1"
"11580","XLOC_011580","supercont1.575[+]381548-402559","-","gene15875.mRNA2,gene15875.mRNA3,gene15875.mRNA4,gene15875.mRNA5,gene15875.mRNA6"
"11687","XLOC_011687","supercont1.581[-]494377-494917","-","gene10884.mRNA1"
"11718","XLOC_011718","supercont1.584[-]73571-91830","-","gene15825.mRNA1"
"11749","XLOC_011749","supercont1.587[+]196609-197511","-","gene1676.mRNA1"
"11762","XLOC_011762","supercont1.588[+]561716-562853","-","gene8984.mRNA1"
"11825","XLOC_011825","supercont1.59[-]990242-992302","-","gene9447.mRNA1"
"11902","XLOC_011902","supercont1.596[+]703385-704601","-","gene1325.mRNA1"
"11912","XLOC_011912","supercont1.597[+]88859-90001","-","gene16003.mRNA1"
"11914","XLOC_011914","supercont1.597[+]422420-423785","-","gene13711.mRNA1"
"12002","XLOC_012002","supercont1.6[-]1544624-1555559","-","gene15767.mRNA1,gene15767.mRNA2,gene15767.mRNA3,gene15767.mRNA4"
"12026","XLOC_012026","supercont1.60[+]987431-988410","-","gene15583.mRNA1"
"12066","XLOC_012066","supercont1.600[-]649849-672583","-","gene15740.mRNA1,gene15740.mRNA2,gene15740.mRNA3,gene15740.mRNA4,gene15740.mRNA5,gene15740.mRNA6"
"12122","XLOC_012122","supercont1.606[-]387272-483714","-","gene15900.mRNA1,gene15900.mRNA2,gene15900.mRNA3"
"12212","XLOC_012212","supercont1.610[+]185063-186052","-","gene8334.mRNA1"
"12281","XLOC_012281","supercont1.619[+]153318-154586","-","gene15726.mRNA1"
"12284","XLOC_012284","supercont1.619[+]666882-680029","-","gene15727.mRNA1,gene15727.mRNA2"
"12293","XLOC_012293","supercont1.62[+]874807-876000","-","gene15919.mRNA1"
"12400","XLOC_012400","supercont1.63[+]1481765-1487470","-","gene8665.mRNA1"
"12520","XLOC_012520","supercont1.641[+]446038-447739","-","gene15949.mRNA1"
"12522","XLOC_012522","supercont1.641[-]544237-592223","-","gene15346.mRNA1,gene15346.mRNA2"
"12553","XLOC_012553","supercont1.646[+]5646-6388","-","gene9347.mRNA1"
"12626","XLOC_012626","supercont1.650[+]207740-211211","-","gene15965.mRNA1"
"12714","XLOC_012714","supercont1.66[+]1693240-1694329","-","gene15868.mRNA1"
"12744","XLOC_012744","supercont1.661[+]299969-304132","-","gene14088.mRNA1,gene14088.mRNA2,gene14088.mRNA3,gene14088.mRNA4"
"12768","XLOC_012768","supercont1.662[-]324968-333112","-","gene3076.mRNA1,gene3076.mRNA2"
"12847","XLOC_012847","supercont1.670[+]264833-269989","-","gene15836.mRNA1,gene15836.mRNA2,gene15836.mRNA3,gene15836.mRNA4"
"12956","XLOC_012956","supercont1.68[+]1898938-1904469","-","gene15820.mRNA1"
"12966","XLOC_012966","supercont1.68[+]2383850-2386892","-","gene15821.mRNA1"
"12969","XLOC_012969","supercont1.68[+]2651531-2653261","-","gene8874.mRNA1"
"13042","XLOC_013042","supercont1.686[+]544612-547348","-","gene15837.mRNA1"
"13104","XLOC_013104","supercont1.692[-]182518-415604","-","gene15771.mRNA1,gene15771.mRNA2,gene15771.mRNA3,gene15771.mRNA4"
"13113","XLOC_013113","supercont1.694[+]103119-120411","-","gene15689.mRNA1,gene15689.mRNA2,gene15689.mRNA3"
"13130","XLOC_013130","supercont1.696[+]206929-207833","-","gene2626.mRNA1"
"13138","XLOC_013138","supercont1.697[+]223720-224876","-","gene11679.mRNA1"
"13174","XLOC_013174","supercont1.7[+]3737927-3738761","-","gene15829.mRNA1"
"13242","XLOC_013242","supercont1.702[-]171789-175055","-","gene15927.mRNA1,gene15927.mRNA2"
"13395","XLOC_013395","supercont1.716[+]535788-536962","-","gene5226.mRNA1"
"13436","XLOC_013436","supercont1.72[-]345255-346460","-","gene15699.mRNA1,gene15699.mRNA2,gene15699.mRNA3,gene15699.mRNA4"
"13543","XLOC_013543","supercont1.729[+]436633-437633","-","gene14225.mRNA1"
"13550","XLOC_013550","supercont1.73[+]755594-757152","-","gene5666.mRNA1"
"13581","XLOC_013581","supercont1.731[+]280451-281688","-","gene15863.mRNA1"
"13654","XLOC_013654","supercont1.74[+]1832263-1884513","-","gene15644.mRNA1"
"13705","XLOC_013705","supercont1.743[-]199039-200589","-","gene3785.mRNA1"
"13811","XLOC_013811","supercont1.754[+]442223-510036","-","gene15635.mRNA1,gene15635.mRNA2,gene15635.mRNA3,gene15635.mRNA4"
"13918","XLOC_013918","supercont1.766[+]504992-506558","-","gene6580.mRNA1,gene6580.mRNA2"
"13942","XLOC_013942","supercont1.77[+]70841-74125","-","gene15732.mRNA1"
"14002","XLOC_014002","supercont1.775[-]136375-141248","-","gene15828.mRNA1,gene15828.mRNA2"
"14016","XLOC_014016","supercont1.778[+]440718-441354","-","gene2487.mRNA1"
"14027","XLOC_014027","supercont1.78[+]1976957-1979367","-","gene4696.mRNA1"
"14041","XLOC_014041","supercont1.78[-]2792913-2795165","-","gene15730.mRNA1"
"14085","XLOC_014085","supercont1.787[+]234071-287491","-","gene15656.mRNA1,gene15656.mRNA2,gene15656.mRNA3,gene15656.mRNA4,gene15656.mRNA5,gene15656.mRNA6,gene15656.mRNA7,gene15656.mRNA8,gene15656.mRNA9"
"14086","XLOC_014086","supercont1.787[+]267148-267895","-","gene6331.mRNA1"
"14322","XLOC_014322","supercont1.804[+]106866-107727","-","gene15743.mRNA1"
"14330","XLOC_014330","supercont1.804[+]262384-263842","-","gene14179.mRNA1,gene14179.mRNA2"
"14353","XLOC_014353","supercont1.807[+]272407-273034","-","gene5694.mRNA1"
"14376","XLOC_014376","supercont1.809[-]400685-402548","-","gene7682.mRNA1"
"14540","XLOC_014540","supercont1.82[-]1734102-1734389","-","gene15782.mRNA1"
"14575","XLOC_014575","supercont1.823[+]91949-93540","-","gene6663.mRNA1"
"14632","XLOC_014632","supercont1.83[+]559923-560965","-","gene13676.mRNA1"
"14647","XLOC_014647","supercont1.83[+]2515892-2516362","-","gene13671.mRNA1"
"14668","XLOC_014668","supercont1.83[-]1612648-1823928","-","gene16000.mRNA1,gene16000.mRNA2,gene16000.mRNA3,gene16000.mRNA4,gene16000.mRNA5,gene16000.mRNA6,gene16000.mRNA7,gene16000.mRNA8,gene16000.mRNA9,gene16000.mRNA10"
"14697","XLOC_014697","supercont1.835[+]287748-289923","-","gene15643.mRNA1"
"14713","XLOC_014713","supercont1.838[-]229473-231933","-","gene15808.mRNA1"
"14722","XLOC_014722","supercont1.84[+]1086455-1087617","-","gene15655.mRNA1"
"14723","XLOC_014723","supercont1.84[+]1327628-1329428","-","gene2239.mRNA1"
"14739","XLOC_014739","supercont1.84[+]2568742-2571097","-","gene2246.mRNA1,gene2246.mRNA2"
"14789","XLOC_014789","supercont1.846[+]255519-256365","-","gene2793.mRNA1"
"14798","XLOC_014798","supercont1.846[-]410022-410937","-","gene2783.mRNA1"
"14836","XLOC_014836","supercont1.85[+]2319910-2321089","-","gene15905.mRNA1"
"14870","XLOC_014870","supercont1.854[+]20125-21417","-","gene2159.mRNA1"
"14889","XLOC_014889","supercont1.856[+]138714-142133","-","gene15896.mRNA1,gene15896.mRNA2,gene15896.mRNA3,gene15897.mRNA1"
"14991","XLOC_014991","supercont1.869[+]85357-86083","-","gene15867.mRNA1"
"15151","XLOC_015151","supercont1.889[+]208885-210537","-","gene15826.mRNA1"
"15161","XLOC_015161","supercont1.89[+]995070-998391","-","gene15848.mRNA1"
"15182","XLOC_015182","supercont1.89[-]309878-312579","-","gene15847.mRNA1"
"15230","XLOC_015230","supercont1.895[-]278003-298439","-","gene15908.mRNA1,gene15908.mRNA2"
"15242","XLOC_015242","supercont1.899[-]43105-131909","-","gene2736.mRNA1,gene2736.mRNA2,gene2736.mRNA3"
"15244","XLOC_015244","supercont1.9[+]360756-362373","-","gene5755.mRNA1"
"15245","XLOC_015245","supercont1.9[+]363897-365023","-","gene15930.mRNA1"
"15288","XLOC_015288","supercont1.9[-]3192732-3194293","-","gene15929.mRNA1"
"15305","XLOC_015305","supercont1.9[-]4753869-4754672","-","gene15928.mRNA1"
"15358","XLOC_015358","supercont1.907[+]252865-256679","-","gene15877.mRNA1,gene15877.mRNA2,gene15877.mRNA3"
"15475","XLOC_015475","supercont1.925[+]151908-154484","-","gene15876.mRNA1"
"15542","XLOC_015542","supercont1.934[+]255301-256247","-","gene14228.mRNA1"
"15650","XLOC_015650","supercont1.949[+]298538-300030","-","gene15769.mRNA1"
"15667","XLOC_015667","supercont1.95[+]1847189-1848911","-","gene15904.mRNA1"
"15674","XLOC_015674","supercont1.95[+]2746430-2747348","-","gene15903.mRNA1"
"15694","XLOC_015694","supercont1.95[-]2695294-2696287","-","gene9196.mRNA1,gene9196.mRNA2"
"15698","XLOC_015698","supercont1.952[+]177944-181782","-","gene15846.mRNA1"
"15712","XLOC_015712","supercont1.956[+]160257-161492","-","gene15860.mRNA1"
"15763","XLOC_015763","supercont1.960[-]105608-106622","-","gene15864.mRNA1"
"15779","XLOC_015779","supercont1.965[+]103092-104015","-","gene15815.mRNA1"
"15780","XLOC_015780","supercont1.965[+]107323-108267","-","gene15815.mRNA2"
"15781","XLOC_015781","supercont1.965[+]117663-118571","-","gene15815.mRNA3"
"15782","XLOC_015782","supercont1.965[+]119415-119823","-","gene15815.mRNA4"
"15783","XLOC_015783","supercont1.965[+]127067-127972","-","gene15815.mRNA5"
"15784","XLOC_015784","supercont1.965[+]138763-139047","-","gene15815.mRNA6"
"15785","XLOC_015785","supercont1.965[+]358683-359597","-","gene2965.mRNA1"
"15811","XLOC_015811","supercont1.97[+]1710210-1713750","-","gene15722.mRNA1"
"15947","XLOC_015947","supercont1.984[+]185991-186884","-","gene13869.mRNA1"
"15952","XLOC_015952","supercont1.984[-]185991-186884","-","gene13871.mRNA1"
"15991","XLOC_015991","supercont1.99[+]2248765-2250414","-","gene15709.mRNA1"
"16027","XLOC_016027","supercont1.996[+]273214-276329","-","gene15885.mRNA1"
